url,beds,city,date,size,type,baths,price,neighborhood,property_id
https://www.99acres.com/residential-land-plot-for-sale-in-vaishnavi-urban-county-jigani-bangalore-south-89-sq-yard-to-140-sq-yard-npspid-x80116283,0,bangalore,2025-02-19,799-1258 sqft,residential land / plot,0,2317000.0,jigani,
https://www.99acres.com/2-bhk-bedroom-apartment-flat-for-sale-in-prestige-jindal-city-tumkur-road-bangalore-west-1085-sq-ft-spid-f79144279,2,bangalore,2025-02-19,1085 sqft,2 bhk flat,2,12500000.0,tumkur road,
https://www.99acres.com/sumadhura-capitol-residences-whitefield-bangalore-east-npxid-r433778,3,bangalore,2025-02-19,1525-2150 sqft,"3, 4 bhk apartment",0,23200000.0,whitefield,
https://www.99acres.com/provident-botanico-soukya-road-bangalore-east-npxid-r424433,2,bangalore,2025-02-19,658-1003 sqft,"2, 3 bhk apartment",0,889000.0,soukya road,
https://www.99acres.com/kvg-superior-kalkere-bangalore-south-npxid-r438820,2,bangalore,2025-02-19,1179-1449 sqft,"2, 3 bhk apartment",0,6483000.0,kalkere,
https://www.99acres.com/nambiar-district-25-sarjapur-road-bangalore-east-npxid-r432506,2,bangalore,2025-02-19,1199-2484 sqft,"2, 3, 4 bhk apartment",0,15000000.0,sarjapur road,
https://www.99acres.com/mahaveer-celesse-yelahanka-bangalore-north-npxid-r263821,2,bangalore,2025-02-19,794-1923 sqft,"2, 3 bhk apartment",0,7518000.0,yelahanka,
https://www.99acres.com/keya-life-by-the-lake-hebbal-bangalore-north-npxid-r178479,4,bangalore,2025-02-19,0 sqft,"4, 5 bhk villa",0,39800000.0,hebbal,
https://www.99acres.com/amrutha-platinum-towers-whitefield-bangalore-east-npxid-r305417,2,bangalore,2025-02-19,1006-1636 sqft,"2, 3 bhk apartment",0,11100000.0,whitefield,
https://www.99acres.com/keya-spring-bannerghatta-road-bangalore-south-npxid-r401648,2,bangalore,2025-02-19,1335-2700 sqft,"2, 3, 4 bhk apartment",0,15700000.0,bannerghatta road,
https://www.99acres.com/4-bhk-bedroom-apartment-flat-for-sale-in-trump-tower-sector-65-gurgaon-6050-sq-ft-r2-spid-i63419088,4,gurgaon,2025-02-19,6050 sqft,4 bhk flat,4,200000000.0,sector 65,
https://www.99acres.com/4-bhk-bedroom-apartment-flat-for-sale-in-indiabulls-centrum-park-sector-103-gurgaon-4200-sq-ft-spid-y78047881,4,gurgaon,2025-02-19,4200 sqft,4 bhk flat,4,40100000.0,sector 103,
https://www.99acres.com/residential-land-plot-for-sale-in-rosewood-city-gurgaon-1000-sq-yard-spid-w80263135,0,gurgaon,2025-02-19t04:38:38.179z,9000 sqft,residential land / plot,0,249500000.0,rosewood city,
https://www.99acres.com/godrej-aristocrat-sector-49-gurgaon-npxid-r419936,3,gurgaon,2025-02-19t04:38:38.179z,"967.58 - 1,751.41 sqft",3 bhk apartment,0,52800000.0,sector 49,
https://www.99acres.com/4-bhk-bedroom-apartment-flat-for-sale-in-godrej-aristocrat-sector-49-gurgaon-1940-sq-ft-spid-u79308375,4,gurgaon,2025-02-19t04:38:38.179z,1942 sqft,4 bhk apartment,5,69000000.0,sector 49,
https://www.99acres.com/4-bhk-bedroom-apartment-flat-for-sale-in-orchid-petals-uppals-southend-gurgaon-2562-sq-ft-spid-f79012087,4,gurgaon,2025-02-19t04:38:38.179z,2562 sqft,4 bhk flat,4,41600000.0,uppals southend,
https://www.99acres.com/3-bhk-bedroom-apartment-flat-for-sale-in-orchid-petals-sector-49-gurgaon-1805-sq-ft-spid-d79543409,3,gurgaon,2025-02-19t04:38:38.179z,1805 sqft,3 bhk flat,3,30500000.0,sector 49,
https://www.99acres.com/4-bhk-bedroom-independent-builder-floor-for-sale-in-south-city-2-gurgaon-4500-sq-ft-spid-q79885617,4,gurgaon,2025-02-19t04:38:38.179z,4500 sqft,4 bhk independent builder floor,5,45000000.0,south city 2,
https://www.99acres.com/4-bhk-bedroom-independent-builder-floor-for-sale-in-rosewood-city-gurgaon-3150-sq-ft-spid-n79854273,4,gurgaon,2025-02-19t04:38:38.179z,3150 sqft,4 bhk independent builder floor,4,44900000.0,rosewood city,
https://www.99acres.com/4-bhk-bedroom-independent-builder-floor-for-sale-in-luxury-builder-floor-in-south-city-2-south-city-2-gurgaon-3240-sq-ft-spid-l79885421,4,gurgaon,2025-02-19t04:38:38.179z,3240 sqft,4 bhk independent builder floor,4,34000000.0,south city 2,
https://www.99acres.com/3-bhk-bedroom-independent-house-villa-for-sale-in-atchampeta-kakinada-2600-sq-ft-spid-f79579347,3,kakinada,1mo ago,2600 sqft,luxury villa,5,16500000.0,atchampeta,
https://www.99acres.com/3-bhk-bedroom-independent-house-villa-for-sale-in-kovvada-kakinada-1800-sq-ft-spid-w79454185,3,kakinada,1mo ago,1800 sqft,luxury villa,2,11600000.0,kovvada,
https://www.99acres.com/4-bhk-bedroom-independent-house-villa-for-sale-in-vakalapudi-kakinada-165-sq-ft-spid-j78732827,4,kakinada,2mo ago,165 sqft,luxury villa,6,10000000.0,vakalapudi,
https://www.99acres.com/5-bhk-bedroom-independent-house-villa-for-sale-in-sasikanth-nagar-kakinada-28800-sq-ft-spid-o80294923,5,kakinada,4d ago,2304 sqft,luxury villa,5,20000000.0,sasikanth nagar,
https://www.99acres.com/4-bhk-bedroom-independent-house-villa-for-sale-in-sasikanth-nagar-kakinada-2400-sq-ft-spid-o80266555,4,kakinada,6d ago,230 sqft,luxury villa,5,20000000.0,sasikanth nagar,
https://www.99acres.com/5-bhk-bedroom-independent-house-villa-for-sale-in-ramanayapeta-kakinada-3150-sq-ft-spid-x80181911,5,kakinada,1w ago,3150 sqft,luxury villa,5,25000000.0,ramanayapeta,
https://www.99acres.com/3-bhk-bedroom-independent-house-villa-for-sale-in-atchampeta-kakinada-2600-sq-ft-spid-f79579347,3,kakinada,2025-01-19,2600 sqft,villa,5,16500000.0,atchampeta,
https://www.99acres.com/3-bhk-bedroom-independent-house-villa-for-sale-in-kovvada-kakinada-1800-sq-ft-spid-w79454185,3,kakinada,2025-01-19,1800 sqft,villa,2,11600000.0,kovvada,
https://www.99acres.com/2-bhk-bedroom-independent-house-villa-for-sale-in-madhavapatnam-kakinada-350-sq-ft-r1-spid-a76438401,2,kakinada,2025-01-19,350 sqft,villa,1,5500000.0,madhavapatnam,
https://www.99acres.com/3-bhk-bedroom-independent-house-villa-for-sale-in-sbi-employees-colony-kakinada-1283-sq-ft-spid-j78764367,3,kakinada,2025-01-19,1368 sqft,villa,3,6900000.0,sbi employees colony,
https://www.99acres.com/4-bhk-bedroom-independent-house-villa-for-sale-in-vakalapudi-kakinada-165-sq-ft-spid-j78732827,4,kakinada,2025-01-19,165 sqft,villa,6,10000000.0,vakalapudi,
https://www.99acres.com/5-bhk-bedroom-independent-house-villa-for-sale-in-sasikanth-nagar-kakinada-28800-sq-ft-spid-o80294923,5,kakinada,2025-01-19,2304 sqft,villa,4,20000000.0,sasikanth nagar,
https://www.99acres.com/3-bhk-bedroom-independent-house-villa-for-sale-in-rameswaram-kakinada-1450-sq-ft-spid-g80269003,3,kakinada,2025-01-19,1450 sqft,villa,2,5800000.0,rameswaram,
https://www.99acres.com/4-bhk-bedroom-independent-house-villa-for-sale-in-sasikanth-nagar-kakinada-2400-sq-ft-spid-o80266555,4,kakinada,2025-01-19,230 sqft,villa,5,20000000.0,sasikanth nagar,
https://www.99acres.com/5-bhk-bedroom-independent-house-villa-for-sale-in-ramanayapeta-kakinada-3150-sq-ft-spid-x80181911,5,kakinada,2025-01-19,3150 sqft,villa,5,25000000.0,ramanayapeta,
https://www.99acres.com/4-bhk-bedroom-independent-house-villa-for-sale-in-ramanayapeta-kakinada-1422-sq-ft-spid-t80143813,4,kakinada,2025-01-19,1422 sqft,villa,2,8000000.0,ramanayapeta,
https://www.99acres.com/residential-land-plot-for-sale-in-thagarapuvalasa-visakhapatnam-167-sq-yard-spid-i76078449,0,visakhapatnam,2025-02-19t04:38:36.102z,1503 sqft,residential land / plot,0,4676000.0,thagarapuvalasa,
https://www.99acres.com/residential-land-plot-for-sale-in-bheemili-visakhapatnam-140-sq-yard-spid-i76618949,0,visakhapatnam,2025-02-19t04:38:36.102z,1260 sqft,residential land / plot,0,3780000.0,bheemili,
https://www.99acres.com/rudra-seniors-madhurawada-visakhapatnam-npxid-r408482,2,visakhapatnam,2025-02-19t04:38:36.102z,990 - 1245 sqft,2 bhk apartment,2,4940000.0,madhurawada,
https://www.99acres.com/vk-erica-madhurawada-visakhapatnam-npxid-r438076,3,visakhapatnam,2025-02-19t04:38:36.102z,1630 - 2190 sqft,3 bhk apartment,3,9454000.0,madhurawada,
https://www.99acres.com/the-celest-gajuwaka-visakhapatnam-npxid-r377188,2,visakhapatnam,2025-02-19t04:38:36.102z,823 - 1117 sqft,"2, 3 bhk apartment",2,7501000.0,gajuwaka,
https://www.99acres.com/edara-twilight-park-shivaji-palem-visakhapatnam-npxid-r439018,3,visakhapatnam,2025-02-19t04:38:36.102z,2195 - 2650 sqft,3 bhk apartment,3,18700000.0,shivaji palem,
https://www.99acres.com/mvv-and-mk-park-gajuwaka-visakhapatnam-npxid-r331705,2,visakhapatnam,2025-02-19t04:38:36.102z,895 - 1050 sqft,2 bhk apartment,2,3133000.0,gajuwaka,
https://www.99acres.com/mvv-towers-yendada-visakhapatnam-npxid-r385012,2,visakhapatnam,2025-02-19t04:38:36.102z,1158 - 1474 sqft,"2, 3 bhk apartment",2,6947000.0,yendada,
https://www.99acres.com/rs-aurora-bay-bheemili-visakhapatnam-npxid-r411360,3,visakhapatnam,2025-02-19t04:38:36.102z,3503 - 6226 sqft,"3, 4, 5, 6 bhk villa",3,29800000.0,bheemili,
https://www.99acres.com/residential-land-plot-for-sale-in-vennala-kochi-339-sq-yard-spid-d78423293,0,kochi,3mo ago,3049 sqft,residential land / plot,0,12000000.0,vennala,
https://www.99acres.com/residential-land-plot-for-sale-in-vennala-kochi-1162-sq-yard-spid-o79520349,0,kochi,1mo ago,10454 sqft,residential land / plot,0,39600000.0,vennala,
https://www.99acres.com/3-bhk-bedroom-apartment-flat-for-sale-in-nagpal-sapphire-heights-vennala-kochi-1388-sq-ft-spid-d80169371,3,kochi,1w ago,1388 sqft,3 bhk flat,2,7500000.0,nagpal sapphire heights,
https://www.99acres.com/3-bhk-bedroom-independent-house-villa-for-sale-in-vennala-kochi-1375-sq-ft-spid-j79757557,3,kochi,4w ago,1375 sqft,3 bedroom house,3,7000000.0,vennala,
https://www.99acres.com/3-bhk-bedroom-apartment-flat-for-sale-in-vennala-kochi-1350-sq-ft-r1-spid-j51800632,3,kochi,1mo ago,1350 sqft,3 bhk flat,3,5000000.0,sheetal apartments,
https://www.99acres.com/residential-land-plot-for-sale-in-chalikavattom-kochi-104-sq-yard-spid-g78545131,0,kochi,3mo ago,940 sqft,residential land / plot,0,1500000.0,chalikavattom,
https://www.99acres.com/3-bhk-bedroom-independent-house-villa-for-sale-in-chalikavattom-kochi-1375-sq-ft-spid-b78323137,3,kochi,3mo ago,1375 sqft,3 bedroom house,3,7000000.0,chalikavattom,
https://www.99acres.com/2-bhk-bedroom-apartment-flat-for-sale-in-chalikavattom-kochi-1000-sq-ft-r5-spid-p60024418,2,kochi,2w ago,1000 sqft,2 bhk flat,2,8000000.0,good earth hamlet,
https://www.99acres.com/3-bhk-bedroom-independent-house-villa-for-sale-in-chakkaraparambu-kochi-1000-sq-ft-r2-spid-r63177728,3,kochi,2mo ago,1000 sqft,3 bedroom house,3,7500000.0,chakkaraparambu,
https://www.99acres.com/residential-land-plot-for-sale-in-chakkaraparambu-kochi-3975-sq-yard-r1-spid-q55098104,0,kochi,2mo ago,35790 sqft,residential land / plot,0,35000000.0,chakkaraparambu,
https://www.99acres.com/9-bhk-bedroom-independent-house-villa-for-sale-in-sector-39-noida-3226-sq-ft-r8-spid-u66608396,9,noida,1mo ago,3229 sqft,independent house/villa,9,55000000.0,sector 39,
https://www.99acres.com/residential-land-plot-for-sale-in-rwa-sector-122-sector-122-noida-538-sq-yard-spid-c79242955,0,noida,yesterday,4843 sqft,residential land,0,90000000.0,sector 122,
https://www.99acres.com/residential-land-plot-for-sale-in-od-kedeswar-vihar-phulnakhara-bhubaneswar-133-sq-yard-to-222-sq-yard-npspid-s78806221,0,bhubaneswar,2025-02-19,1200-2000 sqft,residential land / plot,0,1559000.0,phulnakhara,
https://www.99acres.com/3-bhk-bedroom-apartment-flat-for-sale-in-shuvam-meadows-patia-bhubaneswar-2179-sq-ft-spid-v79818033,3,bhubaneswar,2025-02-19,2179 sqft,3 bhk flat,3,18000000.0,patia,
https://www.99acres.com/mahima-greenex-hanspal-bhubaneswar-npxid-r413530,2,bhubaneswar,2025-02-19,758.34 - 945.73 sqft,"2, 3 bhk apartment",0,7900000.0,hanspal,
https://www.99acres.com/one-world-janla-bhubaneswar-npxid-r424559,2,bhubaneswar,2025-02-19,1185 - 1610 sqft,"2, 3 bhk apartment",0,8938000.0,janla,
https://www.99acres.com/urban-sereno-gothapatna-bhubaneswar-npxid-r420678,2,bhubaneswar,2025-02-19,1691 - 2543 sqft,"2, 3 bhk apartment",0,8286000.0,gothapatna,
https://www.99acres.com/falcon-tatva-khandagiri-bhubaneswar-npxid-r411558,3,bhubaneswar,2025-02-19,1527 - 2078 sqft,"3, 4 bhk apartment",0,20600000.0,khandagiri,
https://www.99acres.com/motwani-anantara-jharapada-bhubaneswar-npxid-r421539,3,bhubaneswar,2025-02-19,2160 - 3190 sqft,"3, 4 bhk apartment",0,14700000.0,jharapada,
https://www.99acres.com/z-padmanabha-pahala-bhubaneswar-npxid-r413474,2,bhubaneswar,2025-02-19,923 - 3097 sqft,"2, 3, 4, 5 bhk apartment",0,11800000.0,pahala,
https://www.99acres.com/utkal-reserve-patrapada-bhubaneswar-npxid-r390078,2,bhubaneswar,2025-02-19,1877 - 3038 sqft,"2, 3, 4, 5 bhk apartment",0,14000000.0,patrapada,
https://www.99acres.com/utkal-isquare-patia-bhubaneswar-npxid-r424292,2,bhubaneswar,2025-02-19,704.71 - 1009.23 sqft,"2, 3 bhk apartment",0,7200000.0,patia,
https://www.99acres.com/5-bhk-bedroom-independent-house-villa-for-sale-in-s-saamarth-twinland-koba-gandhinagar-8478-sq-ft-to-10573-sq-ft-npspid-g79358405,5,gandhinagar,2025-02-19,8478-10573 sqft,5 bhk house,0,0.0,"koba, raysan",
https://www.99acres.com/2-bhk-bedroom-apartment-flat-for-sale-in-sargasan-gandhinagar-1530-sq-ft-spid-z79621649,2,gandhinagar,2025-02-19,1530 sqft,2 bhk flat,2,6500000.0,sargasan,
https://www.99acres.com/polaris-calice-randesan-gandhinagar-npxid-r411905,3,gandhinagar,2025-02-19,2511-2655 sqft,3 bhk apartment,0,11200000.0,randesan,
https://www.99acres.com/sobha-elysia-gift-city-gandhinagar-npxid-r426127,3,gandhinagar,2025-02-19,1225.7-2611 sqft,"3, 4 bhk apartment",0,25400000.0,gift city,
https://www.99acres.com/altezza-by-the-palm-sargasan-gandhinagar-npxid-r394631,3,gandhinagar,2025-02-19,2916 sqft,3 bhk apartment,0,11900000.0,sargasan,
https://www.99acres.com/the-one-randesan-gandhinagar-npxid-r425978,4,gandhinagar,2025-02-19,4158-5598 sqft,"4, 5 bhk apartment",0,20000000.0,randesan,
https://www.99acres.com/polaris-casarica-sargasan-gandhinagar-npxid-r393562,3,gandhinagar,2025-02-19,2475 sqft,3 bhk apartment,0,10700000.0,sargasan,
https://www.99acres.com/srushti-kudasan-gandhinagar-npxid-r383515,2,gandhinagar,2025-02-19,1503-3915 sqft,"2, 3, 4 bhk apartment",0,7014000.0,kudasan,
https://www.99acres.com/ekarth-sarvam-koba-gandhinagar-npxid-r428573,4,gandhinagar,2025-02-19,6750-7560 sqft,"4, 5 bhk apartment",0,0.0,koba,
https://www.99acres.com/shilp-north-sky-gift-city-gandhinagar-npxid-r406643,2,gandhinagar,2025-02-19,1325-4717 sqft,"2, 3, 4 bhk apartment",0,12200000.0,gift city,
https://www.99acres.com/residential-land-plot-for-sale-in-kanyakumari-121-sq-yard-spid-c79440309,0,kanyakumari,2025-02-17,1090 sqft,plot/land,0,4000000.0,"near shri shirdi sai baba temple, pothayadi junction.",
https://www.99acres.com/residential-land-plot-for-sale-in-azad-nagar-madhavalayam-kanyakumari-339-sq-yard-spid-r79917611,0,kanyakumari,2025-02-05,3049 sqft,plot/land,0,6300000.0,"madhavalayam, azad nagar",
https://www.99acres.com/residential-land-plot-for-sale-in-thiruppathisaram-kanyakumari-48-sq-yard-spid-c79621191,0,kanyakumari,2025-02-02,435 sqft,plot/land,0,1100000.0,thiruppathisaram,
https://www.99acres.com/residential-land-plot-for-sale-in-putheri-kanyakumari-242-sq-yard-spid-n79629105,0,kanyakumari,2025-02-02,2178 sqft,plot/land,0,4000000.0,putheri,
https://www.99acres.com/residential-land-plot-for-sale-in-thuckalay-kanyakumari-439-sq-yard-spid-k80381775,0,kanyakumari,2025-02-18,3950 sqft,plot/land,0,13500000.0,thuckalay,
https://www.99acres.com/residential-land-plot-for-sale-in-kulasekharam-kanyakumari-290-sq-yard-spid-g80376215,0,kanyakumari,2025-02-18,2613 sqft,plot/land,0,3600000.0,kulasekharam,
https://www.99acres.com/residential-land-plot-for-sale-in-marthandam-kanyakumari-1111-sq-yard-spid-x80321373,0,kanyakumari,2025-02-16,10000 sqft,plot/land,0,53000000.0,marthandam,
https://www.99acres.com/residential-land-plot-for-sale-in-mandaikadu-kanyakumari-629-sq-yard-spid-n80300531,0,kanyakumari,2025-02-15,5662 sqft,plot/land,0,5460000.0,mandaikadu,
https://www.99acres.com/residential-land-plot-for-sale-in-thuckalay-kanyakumari-242-sq-yard-spid-v80241639,0,kanyakumari,2025-02-15,2178 sqft,plot/land,0,3000000.0,thuckalay,
https://www.99acres.com/3-bhk-bedroom-independent-house-villa-for-sale-in-marthandam-kanyakumari-3800-sq-ft-spid-g80215947,3,kanyakumari,2025-02-12,3800 sqft,house,2,10000000.0,marthandam,
https://www.99acres.com/residential-land-plot-for-sale-in-sulur-coimbatore-319-sq-yard-r2-spid-h77649167,0,coimbatore,2025-02-19,2874 sqft,residential land / plot,0,1998000.0,sulur,
https://www.99acres.com/residential-land-plot-for-sale-in-ettimadai-coimbatore-147-sq-yard-spid-d79347859,0,coimbatore,2025-02-19,1321 sqft,residential land / plot,0,7678000.0,ettimadai,
https://www.99acres.com/green-field-crystal-gateway-sulur-coimbatore-npxid-r439016,2,coimbatore,2025-02-19,varies,"2, 3, 4 bhk villa, land",0,1240000.0,sulur,
https://www.99acres.com/royal-kalpataru-ganapathy-coimbatore-npxid-r275677,4,coimbatore,2025-02-19,varies,"4, 5 bhk villa",0,25100000.0,ganapathy,
https://www.99acres.com/harish-bhairav-vellakinar-coimbatore-npxid-r398187,2,coimbatore,2025-02-19,varies,"2, 3 bhk villa",0,1500000.0,vellakinar,
https://www.99acres.com/rks-shivom-sulur-coimbatore-npxid-r409009,2,coimbatore,2025-02-19,varies,"2, 3 bhk villa, land",0,948000.0,sulur,
https://www.99acres.com/trisquare-amber-gn-mills-coimbatore-npxid-r430125,3,coimbatore,2025-02-19,varies,"3, 4, 5 bhk villa",0,23000000.0,gn mills,
https://www.99acres.com/vsks-aira-singanallur-coimbatore-npxid-r397871,2,coimbatore,2025-02-19,varies,"2, 3, 4 bhk apartment",0,880000.0,singanallur,
https://www.99acres.com/golden-town-karamadai-coimbatore-npxid-r439297,0,coimbatore,2025-02-19,varies,land,0,1859000.0,karamadai,
https://www.99acres.com/skm-indraprastha-residency-thudiyalur-coimbatore-npxid-r421314,3,coimbatore,2025-02-19,varies,"3, 4 bhk villa",0,8232000.0,thudiyalur,
https://www.99acres.com/residential-land-plot-for-sale-in-penamaluru-vijayawada-167-sq-yard-r13-spid-j63431142,0,vijayawada,2025-02-19,1503 sqft,residential land / plot,0,2004000.0,penamaluru,
https://www.99acres.com/residential-land-plot-for-sale-in-penamaluru-vijayawada-183-sq-yard-r13-spid-b63431288,0,vijayawada,2025-02-19,1647 sqft,residential land / plot,0,2196000.0,penamaluru,
https://www.99acres.com/alekhya-grand-sri-ramachandra-nagar-vijayawada-npxid-r425422,4,vijayawada,2025-02-19,3258 - 4122 sqft,4 bhk apartment,0,26700000.0,sri ramachandra nagar,
https://www.99acres.com/aiswarya-gateway-pamarru-vijayawada-npxid-r439430,0,vijayawada,2025-02-19,1215.46 - 2702.6 sqft,land,0,1350000.0,pamarru,
https://www.99acres.com/fugen-royal-infinia-ramavarappadu-vijayawada-npxid-r436943,0,vijayawada,2025-02-19,2124 - 7119 sqft,land,0,7552000.0,ramavarappadu,
https://www.99acres.com/sree-hemadurga-jewel-county-gannavaram-vijayawada-npxid-r295973,2,vijayawada,2025-02-19,801.62 - 1108.17 sqft,"2, 3 bhk apartment",2,5065000.0,gannavaram,
https://www.99acres.com/vasishta-olympia-poranki-vijayawada-npxid-r423035,3,vijayawada,2025-02-19,2800 - 4000 sqft,"3, 4 bhk apartment",0,0.0,poranki,
https://www.99acres.com/badris-jishnu-nivas-tadigadapa-vijayawada-npxid-r423265,2,vijayawada,2025-02-19,1275 - 3141 sqft,"2, 3 bhk apartment",0,0.0,tadigadapa,
https://www.99acres.com/residential-land-plot-for-sale-in-ambapuram-vijayawada-533-sq-yard-r2-spid-n66036718,0,vijayawada,2025-02-19,4797 sqft,residential land / plot,0,20000000.0,ambapuram,
https://www.99acres.com/residential-land-plot-for-sale-in-birpara-jalpaiguri-80-sq-yard-r1-spid-y78452569,0,jalpaiguri,2025-02-19t04:38:38.010z,720 sqft,residential land / plot,0,500000.0,mansarovar township (siliguri wb),
https://www.99acres.com/residential-land-plot-for-sale-in-uttar-kamakhyaguri-jalpaiguri-8342-sq-yard-spid-r80314621,0,jalpaiguri,2025-02-19t04:38:38.010z,75075 sqft,residential land / plot,0,10400000.0,uttar kamakhyaguri,
https://www.99acres.com/10-bhk-bedroom-independent-house-villa-for-sale-in-jalpaiguri-2024-sq-ft-spid-x80148443,10,jalpaiguri,2025-02-19t04:38:38.010z,2024 sqft,10 bedroom house,3,6500000.0,kirat bhumi,
https://www.99acres.com/residential-land-plot-for-sale-in-jalpaiguri-375-sq-yard-r22-spid-m25289542,0,jalpaiguri,2025-02-19t04:38:38.010z,3375 sqft,residential land / plot,0,11000000.0,hakimpara,
https://www.99acres.com/2-bhk-bedroom-independent-house-villa-for-sale-in-maynaguri-jalpaiguri-3200-sq-ft-spid-j79575407,2,jalpaiguri,2025-02-19t04:38:38.010z,3200 sqft,2 bedroom house,1,3000000.0,maynaguri,
https://www.99acres.com/residential-land-plot-for-sale-in-jalpaiguri-480-sq-yard-spid-b79283981,0,jalpaiguri,2025-02-19t04:38:38.010z,4319 sqft,residential land / plot,0,2400000.0,ambari falakata,
https://www.99acres.com/5-bhk-bedroom-independent-house-villa-for-sale-in-goshala-jalpaiguri-2102-sq-ft-spid-h79094883,5,jalpaiguri,2025-02-19t04:38:38.010z,2102 sqft,5 bedroom house,2,6700000.0,goshala,
https://www.99acres.com/2-bhk-bedroom-apartment-flat-for-sale-in-rajbari-para-jalpaiguri-890-sq-ft-spid-k79003267,2,jalpaiguri,2025-02-19t04:38:38.010z,890 sqft,2 bhk flat,2,3500000.0,rajbari para,
https://www.99acres.com/residential-land-plot-for-sale-in-chalsa-jalpaiguri-800-sq-yard-spid-a78943427,0,jalpaiguri,2025-02-19t04:38:38.010z,7199 sqft,residential land / plot,0,5000000.0,chalsa,
https://www.99acres.com/residential-land-plot-for-sale-in-gairkata-jalpaiguri-1360-sq-yard-spid-v78830671,0,jalpaiguri,2025-02-19t04:38:38.010z,12239 sqft,residential land / plot,0,6000000.0,gairkata,
https://www.99acres.com/residential-land-plot-for-sale-in-nawabpet-medak-150-sq-yard-spid-i79945783,0,hyderabad,2025-02-19,1350 sqft,residential land / plot,0,2400000.0,nawabpet,
https://www.99acres.com/3-bhk-bedroom-apartment-flat-for-sale-in-mokila-hyderabad-2713-sq-ft-r1-spid-d78555737,3,hyderabad,2025-02-19,2713 sqft,3 bhk flat,4,13600000.0,mokila,
https://www.99acres.com/bricks-marvella-tellapur-hyderabad-npxid-r416504,2,hyderabad,2025-02-19,varies,"2, 3, 4 bhk apartment",2,10000000.0,tellapur,
https://www.99acres.com/pranathis-kiara-tellapur-hyderabad-npxid-r405130,2,hyderabad,2025-02-19,varies,"2, 3 bhk apartment",2,9305000.0,tellapur,
https://www.99acres.com/ananda-the-legacey-manikonda-hyderabad-npxid-r434519,2,hyderabad,2025-02-19,varies,"2, 3 bhk apartment",2,9582000.0,manikonda,
https://www.99acres.com/moonglade-apartments-kokapet-hyderabad-npxid-r438704,3,hyderabad,2025-02-19,varies,"3, 4 bhk apartment",3,12600000.0,kokapet,
https://www.99acres.com/vajra-the-royal-park-bowrampet-hyderabad-npxid-r389235,2,hyderabad,2025-02-19,varies,"2, 3 bhk apartment",2,6756000.0,bowrampet,
https://www.99acres.com/dithya-agarta-kompally-hyderabad-npxid-r435622,3,hyderabad,2025-02-19,varies,"3, 4 bhk apartment",3,0.0,kompally,
https://www.99acres.com/incor-lake-city-patancheru-hyderabad-npxid-r373118,1,hyderabad,2025-02-19,varies,"1, 2, 3 bhk apartment",1,8212000.0,patancheru,
https://www.99acres.com/nsl-nakshatra-kphb-hyderabad-npxid-r428751,3,hyderabad,2025-02-19,varies,"3, 4 bhk apartment",3,19200000.0,kphb,
https://www.99acres.com/2-bhk-bedroom-apartment-flat-for-sale-in-gandhi-nagar-kakinada-1450-sq-ft-r2-spid-k71725910,2,kakinada,2025-02-18,1450 sqft,flat,2,7800000.0,gandhi nagar,
https://www.99acres.com/residential-land-plot-for-sale-in-turangi-kakinada-452-sq-yard-spid-u79636559,0,kakinada,2025-02-05,4068 sqft,land,0,11600000.0,turangi,
https://www.99acres.com/3-bhk-bedroom-apartment-flat-for-sale-in-santhi-nagar-kakinada-1860-sq-ft-spid-z78886921,3,kakinada,2025-01-19,1860 sqft,flat,3,9300000.0,santhi nagar,
https://www.99acres.com/3-bhk-bedroom-apartment-flat-for-sale-in-vidyut-nagar-kakinada-1472-sq-ft-spid-k77492637,3,kakinada,2025-01-19,1472 sqft,flat,2,7000000.0,vidyut nagar,
https://www.99acres.com/3-bhk-bedroom-apartment-flat-for-sale-in-vidyut-nagar-kakinada-1550-sq-ft-spid-o78636973,3,kakinada,2025-01-19,1550 sqft,flat,3,8500000.0,vidyut nagar,
https://www.99acres.com/2-bhk-bedroom-apartment-flat-for-sale-in-kakinada-1100-sq-ft-spid-n79724963,2,kakinada,2025-02-18,1100 sqft,flat,2,5000000.0,santinagar,
https://www.99acres.com/3-bhk-bedroom-apartment-flat-for-sale-in-rama-rao-peta-kakinada-1265-sq-ft-spid-l79080669,3,kakinada,2025-01-19,1265 sqft,flat,2,6578000.0,rama rao peta,
https://www.99acres.com/4-bhk-bedroom-apartment-flat-for-sale-in-ramanayapeta-kakinada-2628-sq-ft-spid-l79139157,4,kakinada,2025-01-19,2628 sqft,flat,4,18000000.0,ramanayapeta,
https://www.99acres.com/residential-land-plot-for-sale-in-nadakuduru-kakinada-15-sq-yard-spid-l80364535,0,kakinada,2025-02-19,133 sqft,land,0,1064000.0,nadakuduru,
https://www.99acres.com/2-bhk-bedroom-independent-house-villa-for-sale-in-suresh-nagar-kakinada-1080-sq-ft-spid-r80352773,2,kakinada,2025-02-19,1080 sqft,house,2,5000000.0,suresh nagar,
https://www.99acres.com/residential-land-plot-for-sale-in-budheshwar-lucknow-111-sq-yard-r1-spid-r78689421,0,lucknow,2025-02-19,1000 sqft,residential land / plot,0,1099000.0,budheshwar,
https://www.99acres.com/3-bhk-bedroom-apartment-flat-for-sale-in-sultanpur-road-lucknow-1489-sq-ft-r1-spid-j78635815,3,lucknow,2025-02-19,1489 sqft,3 bhk flat,3,6105000.0,sultanpur road,
https://www.99acres.com/rishita-mulberry-heights-sushant-golf-city-lucknow-npxid-r325311,2,lucknow,2025-02-19,various,"2, 3 bhk apartment",0,9059000.0,sushant golf city,
https://www.99acres.com/krishna-tower-kanpur-road-lucknow-npxid-r152473,2,lucknow,2025-02-19,various,"2, 3 bhk apartment",0,3943000.0,kanpur road,
https://www.99acres.com/eldeco-trinity-gomti-nagar-extension-lucknow-npxid-r421468,2,lucknow,2025-02-19,various,"2, 3, 4, 5 bhk apartment",0,20300000.0,gomti nagar extension,
https://www.99acres.com/shalimar-one-world-21-gomti-nagar-extension-lucknow-npxid-r429111,3,lucknow,2025-02-19,various,3 bhk apartment,0,23500000.0,gomti nagar extension,
https://www.99acres.com/green-park-city-sultanpur-road-lucknow-npxid-r401774,0,lucknow,2025-02-19,various,land,0,750000.0,sultanpur road,
https://www.99acres.com/oro-constella-sushant-golf-city-lucknow-npxid-r409651,3,lucknow,2025-02-19,various,"3, 4, 5 bhk apartment",0,14900000.0,sushant golf city,
https://www.99acres.com/shalimar-one-world-pinnacle-gomti-nagar-extension-lucknow-npxid-r423230,4,lucknow,2025-02-19,various,"4, 5 bhk apartment",0,45900000.0,gomti nagar extension,
https://www.99acres.com/jashn-elevate-sushant-golf-city-lucknow-npxid-r427388,2,lucknow,2025-02-19,various,"2, 3 bhk apartment",0,15800000.0,sushant golf city,
https://www.99acres.com/2-bhk-bedroom-apartment-flat-for-sale-in-vinoth-viraj-maduravoyal-chennai-west-928-sq-ft-to-991-sq-ft-npspid-q80337163,2,chennai,2025-02-19,928-991 sqft,2 bhk flat,2,8445000.0,maduravoyal,
https://www.99acres.com/3-bhk-bedroom-apartment-flat-for-sale-in-udhayam-saimugil-chitlapakkam-chennai-south-1647-sq-ft-npspid-p79116647,3,chennai,2025-02-19,1647 sqft,3 bhk flat,3,12500000.0,chitlapakkam,
https://www.99acres.com/rajparis-diamond-mogappair-west-chennai-north-npxid-r409851,3,chennai,2025-02-19,1208-1390 sqft,3 bhk apartment,3,12000000.0,mogappair west,
https://www.99acres.com/divyasree-hub6-thiruporur-chennai-south-npxid-r12874,0,chennai,2025-02-19,1200-3000 sqft,land,0,4080000.0,thiruporur,
https://www.99acres.com/brigade-altius-sholinganallur-chennai-south-npxid-r438256,3,chennai,2025-02-19,1101-3265 sqft,"3, 4 bhk apartment",3,19200000.0,sholinganallur,
https://www.99acres.com/marvellous-t-nagar-chennai-south-npxid-r398941,3,chennai,2025-02-19,1654-3091 sqft,"3, 4 bhk apartment",3,34000000.0,t nagar,
https://www.99acres.com/urban-pearl-county-pattabiram-chennai-north-npxid-r373276,0,chennai,2025-02-19,794-1510 sqft,land,0,1984000.0,pattabiram,
https://www.99acres.com/kg-kingdom-of-joy-sriperumbudur-chennai-west-npxid-r438496,0,chennai,2025-02-19,630-4000 sqft,land,0,1260000.0,sriperumbudur,
https://www.99acres.com/ashiana-swarang-ecr-chennai-south-npxid-r439006,1,chennai,2025-02-19,912-1462 sqft,"1, 2, 3 bhk apartment",1,8460000.0,ecr,
https://www.99acres.com/ashiana-vatsalya-mahindra-city-chennai-south-npxid-r439005,1,chennai,2025-02-19,891-1530 sqft,"1, 2, 3 bhk apartment",1,7090000.0,mahindra city,
https://www.99acres.com/3-bhk-bedroom-apartment-flat-for-sale-in-santacruz-west-western-mumbai-1459-sq-ft-r1-spid-c78553579,3,mumbai,2025-02-19,1459 sqft,flat,4,73000000.0,santacruz west,
https://www.99acres.com/2-bhk-bedroom-apartment-flat-for-sale-in-lodha-casa-rio-dombivli-east-dombivli-east-mumbai-beyond-thane-686-sq-ft-r1-spid-a77236477,2,thane,2025-02-19,686 sqft,flat,2,5000000.0,dombivli east,
https://www.99acres.com/godrej-horizon-wadala-south-mumbai-npxid-r389975,2,mumbai,2025-02-19,627 - 1476.92 sqft,apartment,2,29900000.0,wadala,
https://www.99acres.com/l-and-t-island-cove-mahim-west-south-mumbai-npxid-r394731,2,mumbai,2025-02-19,694.81 - 1219.77 sqft,apartment,2,29100000.0,mahim west,
https://www.99acres.com/lodha-divino-matunga-south-mumbai-npxid-r404243,2,mumbai,2025-02-19,713.97 - 1727 sqft,apartment,2,29800000.0,matunga,
https://www.99acres.com/lodha-the-park-worli-south-mumbai-npxid-r13344,2,mumbai,2025-02-19,839 - 2254 sqft,apartment,2,48000000.0,worli,
https://www.99acres.com/l-and-t-the-gateway-sewri-south-mumbai-npxid-r423314,3,mumbai,2025-02-19,1133.34 - 2251 sqft,apartment,2,44700000.0,sewri,
https://www.99acres.com/lodha-new-cuffe-parade-wadala-south-mumbai-npxid-r1354,1,mumbai,2025-02-19,350.69 - 2747 sqft,apartment,1,14400000.0,wadala,
https://www.99acres.com/rustomjee-crown-prabhadevi-south-mumbai-npxid-r725,3,mumbai,2025-02-19,1334.74 - 3088 sqft,apartment,2,95400000.0,prabhadevi,
https://www.99acres.com/piramal-mahalaxmi-mahalaxmi-south-mumbai-npxid-r303861,2,mumbai,2025-02-19,713.8 - 1850 sqft,apartment,2,45700000.0,mahalaxmi,
https://www.99acres.com/3-bhk-bedroom-independent-builder-floor-for-sale-in-paschim-vihar-west-delhi-1350-sq-ft-r4-spid-f74144417,3,delhi,2025-02-19,1350 sqft,independent builder floor,3,25500000.0,paschim vihar,
https://www.99acres.com/3-bhk-bedroom-independent-builder-floor-for-sale-in-surajmal-vihar-east-delhi-1800-sq-ft-spid-w78462503,3,delhi,2025-02-19,1800 sqft,independent builder floor,2,26500000.0,surajmal vihar,
https://www.99acres.com/sky-high-luxury-homes-sector-8-dwarka-delhi-npxid-r348181,2,delhi,2025-02-19,not specified,independent floor,2,8500000.0,sector 8 dwarka,
https://www.99acres.com/bhardwaj-builder-floors-model-town-north-delhi-npxid-r376612,3,delhi,2025-02-19,not specified,independent floor,3,0.0,model town,
https://www.99acres.com/dlf-capital-greens-1-and-2-moti-nagar-west-delhi-npxid-r473,2,delhi,2025-02-19,not specified,apartment,2,21000000.0,moti nagar,
https://www.99acres.com/unity-group-the-amaryllis-karol-bagh-central-delhi-npxid-r217503,2,delhi,2025-02-19,not specified,apartment,2,22500000.0,karol bagh,
https://www.99acres.com/3baan-farms-chattarpur-south-delhi-npxid-r436830,4,delhi,2025-02-19,not specified,villa,4,90000000.0,chattarpur,
https://www.99acres.com/pradeep-luxury-builders-floor-anand-vihar-east-delhi-npxid-r435515,2,delhi,2025-02-19,not specified,independent floor,2,13000000.0,anand vihar,
https://www.99acres.com/chandok-apartments-and-floors-janakpuri-west-delhi-npxid-r437221,2,delhi,2025-02-19,not specified,apartment,2,11000000.0,janakpuri,
https://www.99acres.com/luxury-floors-by-omdev-homes-greater-kailash-2-south-delhi-npxid-r436246,3,delhi,2025-02-19,not specified,independent floor,3,50000000.0,greater kailash 2,
https://www.99acres.com/3-bhk-bedroom-apartment-flat-for-sale-in-mahimas-palm-springs-tonk-road-jaipur-1705-sq-ft-to-2127-sq-ft-npspid-f79764097,3,jaipur,2025-02-19,1705-2127 sqft,3 bhk flat,2,9378000.0,tonk road,
https://www.99acres.com/3-bhk-bedroom-apartment-flat-for-sale-in-richwell-empress-mansarovar-jaipur-1741-sq-ft-to-2194-sq-ft-npspid-t80075881,3,jaipur,2025-02-19,1741-2194 sqft,3 bhk flat,2,12200000.0,mansarovar,
https://www.99acres.com/vardhman-empress-mansarovar-jaipur-npxid-r435628,3,jaipur,2025-02-19,1741-5060 sqft,"3, 4, 5 bhk apartment",2,12200000.0,mansarovar,
https://www.99acres.com/viaans-radiant-vaishali-nagar-extension-jaipur-npxid-r438325,2,jaipur,2025-02-19,1069.26-1551.92 sqft,"2, 3 bhk apartment",2,5132000.0,vaishali nagar extension,
https://www.99acres.com/the-altitude-jagatpura-jaipur-npxid-r438439,3,jaipur,2025-02-19,2120-2900 sqft,"3, 4 bhk apartment",2,12300000.0,jagatpura,
https://www.99acres.com/balaji-green-park-vaishali-nagar-jaipur-npxid-r434249,2,jaipur,2025-02-19,833.98-1583.45 sqft,"2, 3 bhk apartment",2,4200000.0,vaishali nagar,
https://www.99acres.com/mahal-niwas-jagatpura-jaipur-npxid-r430517,3,jaipur,2025-02-19,1392.31-1566 sqft,3 bhk apartment,2,5846000.0,jagatpura,
https://www.99acres.com/trimurty-divinity-c-scheme-jaipur-npxid-r380493,3,jaipur,2025-02-19,1927.91-2737.18 sqft,"3, 4 bhk apartment",2,28900000.0,c scheme,
https://www.99acres.com/askg-pinnacle-place-mansarovar-jaipur-npxid-r438214,3,jaipur,2025-02-19,1344-1456 sqft,3 bhk apartment,2,6182000.0,mansarovar,
https://www.99acres.com/shivam-majestic-jagatpura-jaipur-npxid-r407878,3,jaipur,2025-02-19,1445.36-1932.63 sqft,"3, 4 bhk apartment",2,7225000.0,jagatpura,
https://www.99acres.com/3-bhk-bedroom-apartment-flat-for-sale-in-godrej-tropical-isle-sector-146-noida-1925-sq-ft-r3-spid-v76331591,3,noida,2025-02-19,1925 sqft,3 bhk flat,3,29800000.0,sector 146,
https://www.99acres.com/residential-land-plot-for-sale-in-g-block-sector-44-noida-717-sq-yard-r13-spid-m61426252,0,noida,2025-02-19,6458 sqft,residential land / plot,0,270000000.0,block g sector 44,
https://www.99acres.com/ivory-county-sector-115-noida-npxid-r400436,3,noida,2025-02-19,varies,"3, 4, 5 bhk apartment",0,29500000.0,sector 115,
https://www.99acres.com/godrej-riverine-sector-44-noida-npxid-r431964,3,noida,2025-02-19,varies,"3, 4 bhk apartment",0,73000000.0,sector 44,
https://www.99acres.com/ats-picturesque-reprieves-sector-152-noida-npxid-r269397,3,noida,2025-02-19,varies,"3, 4 bhk apartment",0,25900000.0,sector 152,
https://www.99acres.com/godrej-woods-sector-43-noida-npxid-r374312,2,noida,2025-02-19,varies,"2, 3, 4, 5 bhk apartment",0,18000000.0,sector 43,
https://www.99acres.com/ivy-county-sector-75-noida-npxid-r341813,3,noida,2025-02-19,varies,"3, 4 bhk apartment",0,26500000.0,sector 75,
https://www.99acres.com/experion-elements-sector-45-noida-npxid-r414339,3,noida,2025-02-19,varies,"3, 4 bhk apartment",0,59500000.0,sector 45,
https://www.99acres.com/aba-cleo-county-sector-121-noida-npxid-r2274,3,noida,2025-02-19,varies,"3, 4 bhk apartment",0,23000000.0,sector 121,
https://www.99acres.com/m3m-the-cullinan-sector-94-noida-npxid-r410631,3,noida,2025-02-19,varies,"3, 4, 5 bhk apartment",0,81700000.0,sector 94,
https://www.99acres.com/residential-land-plot-for-sale-in-bihta-patna-133-sq-yard-r4-spid-k71904360,0,patna,2025-02-19,1200 sqft,residential land / plot,0,1558000.0,bihta,
https://www.99acres.com/residential-land-plot-for-sale-in-sonepur-patna-267-sq-yard-spid-g79871327,0,patna,2025-02-19,2400 sqft,residential land / plot,0,5520000.0,sonepur,
https://www.99acres.com/residential-land-plot-for-sale-in-jeoni-mandi-agra-11000-sq-yard-r1-spid-r76308881,0,agra,2w ago,99000 sqft,residential land / plot,0,600000000.0,jeoni mandi,
https://www.99acres.com/5-bhk-bedroom-independent-house-villa-for-sale-in-civil-lines-agra-3753-sq-ft-r1-spid-h64272968,5,agra,3w ago,3753 sqft,5 bedroom house,2,41700000.0,civil lines,
https://www.99acres.com/3-bhk-bedroom-apartment-flat-for-sale-in-shanker-greens-taj-nagari-agra-1883-sq-ft-spid-a78746085,3,agra,2mo ago,1883 sqft,3 bhk flat,3,11000000.0,taj nagari,
https://www.99acres.com/2-bhk-bedroom-apartment-flat-for-sale-in-shastripuram-agra-968-sq-ft-r1-spid-a76332025,2,agra,2mo ago,968 sqft,2 bhk flat,2,5200000.0,shastripuram,
https://www.99acres.com/3-bhk-bedroom-apartment-flat-for-sale-in-eminent-emerald-residency-dayal-bagh-agra-1705-sq-ft-r4-spid-j65913662,3,agra,2mo ago,1705 sqft,3 bhk flat,3,8200000.0,dayal bagh,
https://www.99acres.com/2-bhk-bedroom-apartment-flat-for-sale-in-maharishi-puram-colony-agra-894-sq-ft-spid-t79980809,2,agra,1mo ago,894 sqft,2 bhk flat,2,4000000.0,maharishi puram colony,
https://www.99acres.com/3-bhk-bedroom-independent-house-villa-for-sale-in-dayal-bagh-agra-2367-sq-ft-spid-d79087041,3,agra,2mo ago,2367 sqft,3 bedroom house,3,31500000.0,dayal bagh,
https://www.99acres.com/residential-land-plot-for-sale-in-shastripuram-agra-358-sq-yard-spid-z78224673,0,agra,3mo ago,3229 sqft,residential land / plot,0,25000000.0,shastripuram,
https://www.99acres.com/residential-land-plot-for-sale-in-dayal-bagh-agra-1333-sq-yard-spid-e80071237,0,agra,1w ago,11997 sqft,residential land / plot,0,27000000.0,dayal bagh,
https://www.99acres.com/4-bhk-bedroom-independent-house-villa-for-sale-in-nalanda-town-shamshabad-road-agra-1250-sq-ft-spid-o78357211,4,agra,3mo ago,1250 sqft,4 bedroom house,3,5200000.0,shamshabad road,
https://www.99acres.com/residential-land-plot-for-sale-in-dakamarri-visakhapatnam-400-sq-yard-spid-d79154929,0,visakhapatnam,2025-02-19t04:38:35.432z,3600 sqft,residential land / plot,0,12000000.0,dakamarri,
https://www.99acres.com/4-bhk-bedroom-independent-house-villa-for-sale-in-kommadi-visakhapatnam-2403-sq-ft-r1-spid-b76462667,4,visakhapatnam,2025-02-19t04:38:35.432z,2403 sqft,4 bedroom house,4,19500000.0,kommadi,
https://www.99acres.com/4-bhk-bedroom-independent-house-villa-for-sale-in-maddilapalem-visakhapatnam-2800-sq-ft-spid-y79147007,4,visakhapatnam,2025-02-19t04:38:35.432z,2800 sqft,4 bedroom house,1,12000000.0,maddilapalem,
https://www.99acres.com/residential-land-plot-for-sale-in-anandapuram-visakhapatnam-400-sq-yard-spid-x79146491,0,visakhapatnam,2025-02-19t04:38:35.432z,3600 sqft,residential land / plot,0,11000000.0,anandapuram,
https://www.99acres.com/residential-land-plot-for-sale-in-narsipatnam-visakhapatnam-1258-sq-yard-spid-o79144285,0,visakhapatnam,2025-02-19t04:38:35.432z,11325 sqft,residential land / plot,0,10000000.0,narsipatnam,
https://www.99acres.com/residential-land-plot-for-sale-in-sattenapalle-guntur-6534-sq-yard-spid-v79143043,0,guntur,2025-02-19t04:38:35.432z,58806 sqft,residential land / plot,0,10000000.0,sattenapalle,
https://www.99acres.com/5-bhk-bedroom-independent-builder-floor-for-sale-in-rtc-colony-kakinada-3000-sq-ft-spid-g79138381,5,kakinada,2025-02-19t04:38:35.432z,3000 sqft,5 bhk independent builder floor,5,12500000.0,rtc colony,
https://www.99acres.com/residential-land-plot-for-sale-in-vizianagaram-800-sq-yard-spid-w79131335,0,vizianagaram,2025-02-19t04:38:35.432z,7200 sqft,residential land / plot,0,16000000.0,modavalasa,
https://www.99acres.com/2-bhk-bedroom-independent-house-villa-for-sale-in-sector-9-mvp-colony-visakhapatnam-4500-sq-ft-spid-q79125923,2,visakhapatnam,2025-02-19t04:38:35.432z,4500 sqft,2 bedroom house,2,20000000.0,sector 9 mvp colony,
https://www.99acres.com/7-bhk-bedroom-independent-house-villa-for-sale-in-tandur-vikarabad-4338-sq-ft-spid-g79120191,7,vikarabad,2025-02-19t04:38:35.432z,4338 sqft,7 bedroom house,7,20000000.0,tandur,
https://www.99acres.com/4-bhk-bedroom-apartment-flat-for-sale-in-sb-city-by-sb-ventures-thimmapuram-kakinada-3900-sq-ft-spid-m79907219,4,kakinada,2025-02-19t04:38:34.048z,3900 sqft,flat,3,30000000.0,thimmapuram,
https://www.99acres.com/12-bhk-bedroom-independent-house-villa-for-sale-in-pallamraju-nagar-kakinada-8500-sq-ft-spid-s79358009,12,kakinada,2025-02-19t04:38:34.048z,8500 sqft,house,12,42000000.0,pallamraju nagar,
https://www.99acres.com/5-bhk-bedroom-independent-house-villa-for-sale-in-sarpavaram-kakinada-2430-sq-ft-r2-spid-e73411155,5,kakinada,2025-02-19t04:38:34.048z,2430 sqft,house,4,33000000.0,sarpavaram,
https://www.99acres.com/2-bhk-bedroom-apartment-flat-for-sale-in-cheediga-kakinada-1980-sq-ft-spid-b78290771,2,kakinada,2025-02-19t04:38:34.048z,1980 sqft,flat,2,30000000.0,cheediga,
https://www.99acres.com/residential-land-plot-for-sale-in-narasanna-nagar-kakinada-496-sq-yard-spid-s79146237,0,kakinada,2025-02-19t04:38:34.048z,4464 sqft,land,0,32500000.0,narasanna nagar,
https://www.99acres.com/10-bhk-bedroom-independent-house-villa-for-sale-in-sarpavaram-kakinada-484-sq-ft-spid-f78756201,10,kakinada,2025-02-19t04:38:34.048z,484 sqft,house,6,33900000.0,sarpavaram,
https://www.99acres.com/4-bhk-bedroom-independent-house-villa-for-sale-in-kakinada-2655-sq-ft-spid-g79250079,4,kakinada,2025-02-19t04:38:34.048z,2655 sqft,house,5,25000000.0,"sbi staff colony, srinivasa nagar",
https://www.99acres.com/2-bhk-bedroom-independent-house-villa-for-sale-in-ashok-nagar-kakinada-1800-sq-ft-r1-spid-u74770179,2,kakinada,2025-02-19t04:38:34.048z,1800 sqft,house,3,25000000.0,ashok nagar,
https://www.99acres.com/5-bhk-bedroom-independent-house-villa-for-sale-in-ramanayapeta-kakinada-3150-sq-ft-spid-x80181911,5,kakinada,2025-02-19t04:38:34.048z,3150 sqft,house,5,25000000.0,ramanayapeta,
https://www.99acres.com/residential-land-plot-for-sale-in-chitrada-kakinada-5179-sq-yard-spid-v79225539,0,kakinada,2025-02-19t04:38:34.048z,46609 sqft,land,0,25000000.0,chitrada,
https://www.99acres.com/residential-land-plot-for-sale-in-gajuwaka-visakhapatnam-302-sq-yard-spid-i78221397,0,visakhapatnam,3mo ago,2718 sqft,residential land / plot,0,30000000.0,gajuwaka,
https://www.99acres.com/3-bhk-bedroom-apartment-flat-for-sale-in-kancharapalem-visakhapatnam-1380-sq-ft-r1-spid-u73988533,3,visakhapatnam,3mo ago,1380 sqft,3 bhk flat,2,7000000.0,kancharapalem,
https://www.99acres.com/residential-land-plot-for-sale-in-anakapalle-visakhapatnam-10503-sq-yard-spid-i78216765,0,visakhapatnam,3mo ago,94525 sqft,residential land / plot,0,15100000.0,anakapalle,
https://www.99acres.com/2-bhk-bedroom-apartment-flat-for-sale-in-group-apartment-madhurawada-visakhapatnam-980-sq-ft-spid-t78214855,2,visakhapatnam,3mo ago,980 sqft,2 bhk flat,2,4500000.0,madhurawada,
https://www.99acres.com/2-bhk-bedroom-apartment-flat-for-sale-in-pedagantyada-visakhapatnam-920-sq-ft-spid-r78212059,2,visakhapatnam,3mo ago,920 sqft,2 bhk flat,2,4500000.0,pedagantyada,
https://www.99acres.com/residential-land-plot-for-sale-in-bhogapuram-visakhapatnam-167-sq-yard-spid-t78209499,0,visakhapatnam,3mo ago,1503 sqft,residential land / plot,0,3000000.0,bhogapuram,
https://www.99acres.com/3-bhk-bedroom-apartment-flat-for-sale-in-mvv-city-madhurawada-visakhapatnam-1500-sq-ft-spid-v78208957,3,visakhapatnam,3mo ago,1500 sqft,3 bhk flat,2,12500000.0,madhurawada,
https://www.99acres.com/2-bhk-bedroom-serviced-apartment-flat-for-sale-in-hema-abodes-twin-bliss-muralinagar-visakhapatnam-1200-sq-ft-spid-i78202793,2,visakhapatnam,3mo ago,1200 sqft,2 bhk serviced apartment,2,8500000.0,muralinagar,
https://www.99acres.com/other-residential-property-for-sale-in-narsipatnam-visakhapatnam-740527-sq-ft-spid-o78202453,0,visakhapatnam,3mo ago,740520 sqft,residential property,0,40000000.0,narsipatnam,
https://www.99acres.com/residential-land-plot-for-sale-in-visakhapatnam-160-sq-yard-spid-x78202271,0,visakhapatnam,3mo ago,1440 sqft,residential land / plot,0,5500000.0,balacheruvu road,
https://www.99acres.com/property-rates-and-price-trends-in-sector-92-noida-prffid,2,noida,2025-02-19,sq.ft,apartment,2,17400.0,noida greater noida expressway,
https://www.99acres.com/property-rates-and-price-trends-in-sector-144-noida-prffid,3,noida,2025-02-19,sq.ft,apartment,2,13500.0,noida greater noida expressway,
https://www.99acres.com/property-rates-and-price-trends-in-sector-75-noida-prffid,3,noida,2025-02-19,sq.ft,apartment,2,13400.0,central noida,
https://www.99acres.com/property-rates-and-price-trends-in-sector-151-noida-prffid,2,noida,2025-02-19,sq.ft,apartment,2,7250.0,noida greater noida expressway,
https://www.99acres.com/property-rates-and-price-trends-in-sector-143b-noida-prffid,2,noida,2025-02-19,sq.ft,apartment,2,12500.0,noida greater noida expressway,
https://www.99acres.com/property-rates-and-price-trends-in-sector-107-noida-prffid,3,noida,2025-02-19,sq.ft,apartment,2,14800.0,noida greater noida expressway,
https://www.99acres.com/property-rates-and-price-trends-in-sector-79-noida-prffid,3,noida,2025-02-19,sq.ft,apartment,2,13250.0,central noida,
https://www.99acres.com/property-rates-and-price-trends-in-sector-133-noida-prffid,2,noida,2025-02-19,sq.ft,apartment,2,8250.0,noida greater noida expressway,
https://www.99acres.com/property-rates-and-price-trends-in-sector-152-noida-prffid,2,noida,2025-02-19,sq.ft,apartment,2,11250.0,noida greater noida expressway,
https://www.99acres.com/property-rates-and-price-trends-in-sector-108-noida-prffid,3,noida,2025-02-19,sq.ft,apartment,2,15200.0,noida greater noida expressway,
https://www.99acres.com/residential-land-plot-for-sale-in-mominpet-hyderabad-240-sq-yard-spid-h79682279,0,hyderabad,2025-01-19,2160 sqft,residential land / plot,0,2000000.0,mominpet,
https://www.99acres.com/residential-land-plot-for-sale-in-kothur-hyderabad-233-sq-yard-spid-n79160347,0,hyderabad,2025-01-19,2095 sqft,residential land / plot,0,3726000.0,kothur,
https://www.99acres.com/residential-land-plot-for-sale-in-nadargul-hyderabad-150-sq-yard-r5-spid-x71362954,0,hyderabad,2025-01-19,1350 sqft,residential land / plot,0,5400000.0,nadargul,
https://www.99acres.com/3-bhk-bedroom-apartment-flat-for-sale-in-anantula-sai-ashirvad-nagole-hyderabad-1795-sq-ft-spid-m78519325,3,hyderabad,2025-01-19,1795 sqft,3 bhk flat,3,10500000.0,nagole,
https://www.99acres.com/3-bhk-bedroom-apartment-flat-for-sale-in-bscpl-bollineni-bion-kondapur-hyderabad-1965-sq-ft-spid-z80157247,3,hyderabad,2025-01-19,1965 sqft,3 bhk flat,4,25300000.0,kondapur,
https://www.99acres.com/2-bhk-bedroom-apartment-flat-for-sale-in-bscpl-bollineni-bion-kondapur-hyderabad-1290-sq-ft-spid-y80036359,2,hyderabad,2025-01-19,1290 sqft,2 bhk flat,2,16000000.0,kondapur,
https://www.99acres.com/residential-land-plot-for-sale-in-tellapur-hyderabad-420-sq-yard-spid-y79542783,0,hyderabad,2025-01-19,3780 sqft,residential land / plot,0,58000000.0,tellapur,
https://www.99acres.com/residential-land-plot-for-sale-in-bangalore-highway-hyderabad-200-sq-yard-spid-k79368821,0,hyderabad,2025-01-19,1800 sqft,residential land / plot,0,5200000.0,bangalore highway,
https://www.99acres.com/residential-land-plot-for-sale-in-bhashyam-rrr-county-shankarpally-hyderabad-185-sq-yard-spid-d79776527,0,hyderabad,2025-01-19,1665 sqft,residential land / plot,0,2960000.0,shankarpally,
https://www.99acres.com/residential-land-plot-for-sale-in-nallagandla-hyderabad-430-sq-yard-spid-h79543277,0,hyderabad,2025-01-19,3870 sqft,residential land / plot,0,56000000.0,nallagandla,
https://www.99acres.com/adityaram-nagar-5-ecr-chennai-south-npxid-r1383,0,chennai,2025-02-19,2400 - 4800 sq.ft.,land,0,19000000.0,ecr,
https://www.99acres.com/minerva-sai-darshan-perumbakkam-chennai-south-npxid-r436802,2,chennai,2025-02-19,1165 sq.ft.,2 bhk apartment,0,7514000.0,perumbakkam,
https://www.99acres.com/hiranandani-loftline-thaiyur-chennai-south-npxid-r27142,0,chennai,2025-02-19,1200 - 2000 sq.ft.,land,0,4230000.0,thaiyur,
https://www.99acres.com/dlf-parc-estate-siruseri-chennai-south-npxid-r385441,0,chennai,2025-02-19,0 sq.ft.,land,0,7600000.0,siruseri,
https://www.99acres.com/isha-shubham-new-perungalathur-chennai-south-npxid-r402129,2,chennai,2025-02-19,1163 - 1305 sq.ft.,"2, 3 bhk apartment",0,6513000.0,new perungalathur,
https://www.99acres.com/elite-akash-garden-kandigai-chennai-south-npxid-r378854,0,chennai,2025-02-19,801 - 1979 sq.ft.,land,0,2723000.0,kandigai,
https://www.99acres.com/vgn-grandeur-iyyappanthangal-chennai-west-npxid-r427423,0,chennai,2025-02-19,497 - 3601 sq.ft.,land,0,4062000.0,iyyappanthangal,
https://www.99acres.com/dra-infinique-valasaravakkam-chennai-west-npxid-r419925,3,chennai,2025-02-19,1172 - 1386 sq.ft.,"3, 4 bhk apartment",0,21200000.0,valasaravakkam,
https://www.99acres.com/3-bhk-bedroom-apartment-flat-for-sale-in-perungudi-chennai-south-1723-sq-ft-spid-r79451893,3,chennai,2025-02-19,1723 sq.ft.,3 bhk flat,3,20700000.0,perungudi,
https://www.99acres.com/residential-land-plot-for-sale-in-dharani-square-maraimalai-nagar-chennai-south-187-sq-yard-r2-spid-x74990473,0,chennai,2025-02-19,1680 sq.ft.,residential land / plot,0,4800000.0,"maraimalai nagar, gst road",
https://www.99acres.com/residential-land-plot-for-sale-in-chirle-navi-mumbai-121-sq-yard-spid-s80043461,0,navi mumbai,2025-02-19,1089 sqft,residential land / plot,0,5.15,chirle,
https://www.99acres.com/residential-land-plot-for-sale-in-panvel-navi-mumbai-121-sq-yard-spid-y80121649,0,navi mumbai,2025-02-19,1089 sqft,residential land / plot,0,9.0,panvel,
https://www.99acres.com/1-bhk-bedroom-independent-house-villa-for-sale-in-nalanda-nagar-central-mumbai-suburbs-300-sq-ft-r2-spid-y61567464,1,mumbai,2025-02-19,300 sqft,1 bedroom house,1,15.0,nalanda nagar,
https://www.99acres.com/1-bhk-bedroom-independent-builder-floor-for-sale-in-south-mumbai-400-sq-ft-spid-q79837329,1,mumbai,2025-02-19,400 sqft,1 bhk independent builder floor,1,15.0,badlapur vangani,
https://www.99acres.com/studio-apartment-flat-for-sale-in-mumbai-andheri-dahisar-200-sq-ft-spid-f78213639,1,mumbai,2025-02-19,200 sqft,studio apartments / 1 rk flats,1,9.0,nallasopara,
https://www.99acres.com/1-bhk-bedroom-independent-house-villa-for-sale-in-santacruz-east-western-mumbai-180-sq-ft-spid-f80308689,1,mumbai,2025-02-19,180 sqft,1 bedroom house,1,15.0,santacruz east,
https://www.99acres.com/1-bhk-bedroom-apartment-flat-for-sale-in-malad-west-mumbai-andheri-dahisar-200-sq-ft-spid-y80284943,1,mumbai,2025-02-19,200 sqft,1 bhk flat,1,13.0,malad west,
https://www.99acres.com/1-bhk-bedroom-independent-builder-floor-for-sale-in-asalpha-central-mumbai-suburbs-100-sq-ft-spid-i80257293,1,mumbai,2025-02-19,100 sqft,1 bhk independent builder floor,1,13.0,asalpha,
https://www.99acres.com/1-bhk-bedroom-independent-builder-floor-for-sale-in-kandivali-east-mumbai-andheri-dahisar-360-sq-ft-spid-r80142791,1,mumbai,2025-02-19,360 sqft,1 bhk independent builder floor,1,11.5,kandivali east,
https://www.99acres.com/1-bhk-bedroom-independent-house-villa-for-sale-in-kandivali-west-mumbai-andheri-dahisar-340-sq-ft-spid-v80094569,1,mumbai,2025-02-19,340 sqft,1 bedroom house,1,12.0,kandivali west,
https://www.99acres.com/3-bhk-bedroom-apartment-flat-for-sale-in-kundan-eternia-2-ghorpadi-pune-1510-sq-ft-spid-b79570853,3,pune,2025-02-18,1510 sqft,residential apartment,3,16000000.0,ghorpadi,
https://www.99acres.com/2-bhk-bedroom-apartment-flat-for-sale-in-sinhgad-road-pune-1075-sq-ft-spid-a79425559,2,pune,2025-01-19,1075 sqft,residential apartment,2,13000000.0,sinhgad road,
https://www.99acres.com/3-bhk-bedroom-apartment-flat-for-sale-in-godrej-prana-undri-pune-south-1150-sq-ft-spid-c76644695,3,pune,2025-02-05,1150 sqft,residential apartment,2,9500000.0,undri,
https://www.99acres.com/2-bhk-bedroom-apartment-flat-for-sale-in-shapoorji-joyville-sensorium-hinjewadi-pune-710-sq-ft-spid-t77568443,2,pune,2025-01-19,710 sqft,residential apartment,2,8700000.0,hinjewadi,
https://www.99acres.com/3-bhk-bedroom-apartment-flat-for-sale-in-vtp-cygnus-manjari-khurd-pune-840-sq-ft-spid-e79181215,3,pune,2025-01-19,840 sqft,residential apartment,3,10000000.0,manjari khurd,
https://www.99acres.com/2-bhk-bedroom-apartment-flat-for-sale-in-punawale-pune-west-690-sq-ft-spid-d79740105,2,pune,2025-02-13,690 sqft,residential apartment,2,6500000.0,punawale,
https://www.99acres.com/6-bhk-bedroom-independent-house-villa-for-sale-in-katraj-pune-840-sq-ft-spid-t76240347,6,pune,2025-01-19,840 sqft,independent house/villa,6,13500000.0,katraj,
https://www.99acres.com/1-bhk-bedroom-apartment-flat-for-sale-in-amrutvel-greens-kirkatwadi-pune-640-sq-ft-spid-m77933479,1,pune,2025-02-17,640 sqft,residential apartment,1,3500000.0,kirkatwadi,
https://www.99acres.com/3-bhk-bedroom-apartment-flat-for-sale-in-godrej-hillside-mahalunge-pune-878-sq-ft-spid-v80127563,3,pune,2025-02-12,878 sqft,residential apartment,3,12000000.0,mahalunge,
